"id","codigo","nombre","precio","categoria","stock","descripcion","activo","imagen_url","imagen_public_id","created_at","updated_at"
132,,"BEDOYECTA TRI SOL INY 3JGA",28500,"Medicamentos",3024,,true,"https://res.cloudinary.com/dstnroimw/image/upload/v1758820390/kzexmzudlrxx4nw5wk0o.png","kzexmzudlrxx4nw5wk0o","2025-09-25T17:13:19.422045+00:00","2025-09-25T17:13:19.422045+00:00"
12,,"TAMPON KOTEX DIGITAL RISTRA 6...",11500,"Toallas",2796,"CAJA X 6 X 6 ",true,"https://res.cloudinary.com/dstnroimw/image/upload/v1756219565/grrvgwouwgupyymwvlcq.png","grrvgwouwgupyymwvlcq","2025-08-20T16:55:30.233738+00:00","2025-09-23T19:42:43.797734+00:00"
47,,"MEXSANA TALCO 300+85G X15",19000,"Desodorantes",0,"Paca x 15 285000",false,"https://res.cloudinary.com/dstnroimw/image/upload/v1756217481/tabzqqlu2a3d4fhx8hxi.png","tabzqqlu2a3d4fhx8hxi","2025-08-20T17:14:18.657779+00:00","2025-08-20T17:14:18.657779+00:00"
25,,"GILLETTE MAX 3 X 2 HOJAS",16000,"Bloqueadores y Cuidado de la Piel",0,,false,"https://res.cloudinary.com/dstnroimw/image/upload/v1756221377/ln3tywuzkuvwcbofypzv.png","ln3tywuzkuvwcbofypzv","2025-08-20T17:01:45.569587+00:00","2025-08-20T17:01:45.569587+00:00"
5,,"PROTECTORES NOSOTRAS NORMAL x 150 X 10 CAJAS",12000,"Toallas",0,"Caja 120000",false,"https://res.cloudinary.com/dstnroimw/image/upload/v1756217827/rr1iihl79wav1riegf6a.png","rr1iihl79wav1riegf6a","2025-08-15T15:19:36.955609+00:00","2025-08-15T15:19:36.955609+00:00"
14,,"PILA DURACELL AAA 10X6",195000,"Otros",74,"CAJA X 10 C/U 19500",true,"https://res.cloudinary.com/dstnroimw/image/upload/v1756220099/hqnefqmyeoaetdnxep1c.png","hqnefqmyeoaetdnxep1c","2025-08-20T16:56:26.4552+00:00","2026-01-30T16:23:29.268381+00:00"
45,,"PROTEX BALANCE JABON BARRA X72...",180000,"Jabones y Geles",0,"PACA X72",false,"https://res.cloudinary.com/dstnroimw/image/upload/v1756218454/tcw0v8jhuzwopuroznph.png","tcw0v8jhuzwopuroznph","2025-08-20T17:13:53.760443+00:00","2025-08-20T17:13:53.760443+00:00"
19,,"SUNDOWN 70 DISPLAY X12X8ML",34000,"Bloqueadores y Cuidado de la Piel",0,"CAJA X 24",false,"https://res.cloudinary.com/dstnroimw/image/upload/v1756219179/h6p6wqzzfapeuyhsewkh.png","h6p6wqzzfapeuyhsewkh","2025-08-20T16:58:31.882431+00:00","2025-08-20T16:58:31.882431+00:00"
7,,"REXONA POWER BRY",8000,"Desodorantes",0,,false,"https://res.cloudinary.com/dstnroimw/image/upload/v1756218911/iwtiyuwvvpq4yce6fudt.png","iwtiyuwvvpq4yce6fudt","2025-08-15T15:23:18.716089+00:00","2025-08-15T15:23:18.716089+00:00"
28,,"SHAMPOO MULTIOLEOS Y SABILA",12500,"Cuidado del Cabello",0,"Paca x 24 300000",false,"https://res.cloudinary.com/dstnroimw/image/upload/v1756219058/ekzdrttuqlc55rdtcicg.png","ekzdrttuqlc55rdtcicg","2025-08-20T17:02:59.847684+00:00","2025-08-20T17:02:59.847684+00:00"
24,,"HUGGIES ACTIVE SECO ETAPA 0 X 25 PANALES",11000,"Pañales",0,,false,"https://res.cloudinary.com/dstnroimw/image/upload/v1756216913/bsaf3mbmi4wjijo6ahic.png","bsaf3mbmi4wjijo6ahic","2025-08-20T17:01:13.259721+00:00","2025-08-20T17:01:13.259721+00:00"
21,,"TANGA SPF100 24X12 sobres",28000,"Bloqueadores y Cuidado de la Piel",324,"paca x 12",true,"https://res.cloudinary.com/dstnroimw/image/upload/v1756221244/fqeizfjs1mbzrubxpscb.png","fqeizfjs1mbzrubxpscb","2025-08-20T16:59:35.497666+00:00","2025-08-20T16:59:35.497666+00:00"
36,,"NOSOTRAS BUENAS NOCHES X 10",7000,"Toallas",826,,true,"https://res.cloudinary.com/dstnroimw/image/upload/v1756217663/ctbf6chzgacm5chrrdio.png","ctbf6chzgacm5chrrdio","2025-08-20T17:06:22.473581+00:00","2025-11-10T15:42:13.193618+00:00"
49,,"TIO NACHITO SH 12X400ML",23000,"Cuidado del Cabello",0,"CAJA X 12",false,"https://res.cloudinary.com/dstnroimw/image/upload/v1756219757/yqperh5y5oyxdr47l2ze.png","yqperh5y5oyxdr47l2ze","2025-08-20T17:15:25.961831+00:00","2025-08-20T17:15:25.961831+00:00"
42,,"REXONA CLINICAL  SPORT STREGTH POR 2",25000,"Desodorantes",0,"CAJA X 6",false,"https://res.cloudinary.com/dstnroimw/image/upload/v1756218831/c5qu31s1blxr5xcnqpsc.png","c5qu31s1blxr5xcnqpsc","2025-08-20T17:11:05.81746+00:00","2025-08-20T17:11:05.81746+00:00"
13,,"NIVEA FACIAL 5 EN 1    50ML",8500,"Bloqueadores y Cuidado de la Piel",0,"CAJA X 12",false,"https://res.cloudinary.com/dstnroimw/image/upload/v1756217535/pkjyjnsiztxygl0unwnv.png","pkjyjnsiztxygl0unwnv","2025-08-20T16:56:01.013507+00:00","2025-08-20T16:56:01.013507+00:00"
15,,"PILA DURACEL AA 10X6",195000,"Otros",403,"CAJA X 10  C/U 19500",true,"https://res.cloudinary.com/dstnroimw/image/upload/v1756220011/ytwm1a3bkdyybppdm4iz.png","ytwm1a3bkdyybppdm4iz","2025-08-20T16:56:50.545911+00:00","2026-01-30T16:23:09.797255+00:00"
30,,"SHAMPOO COMPLEJO HIALURÉNICO",12500,"Cuidado del Cabello",0,"Paca x 24 300000",false,"https://res.cloudinary.com/dstnroimw/image/upload/v1756132855/lfnywgd25a4nt6rmwpdk.jpg","lfnywgd25a4nt6rmwpdk","2025-08-20T17:03:37.946265+00:00","2025-08-20T17:03:37.946265+00:00"
173,,"Rexona Bambo x50g rollon",7000,"Desodorantes",46,,true,"https://res.cloudinary.com/dstnroimw/image/upload/v1765635396/gyup18nnamedilpyjdnt.jpg","gyup18nnamedilpyjdnt","2025-12-13T14:17:06.365978+00:00","2025-12-13T14:17:06.365978+00:00"
41,,"PONDS REJUVENESS X100G TUVO",21000,"Bloqueadores y Cuidado de la Piel",301,,true,"https://res.cloudinary.com/dstnroimw/image/upload/v1769101935/kpv2kuzhj7vgz2auipgi.jpg","kpv2kuzhj7vgz2auipgi","2025-08-20T17:10:21.331105+00:00","2025-08-20T17:10:21.331105+00:00"
26,,"CREMA DE PEINAR CON ACEITE DE ARGAN Y S6",12500,"Cuidado del Cabello",0,"CAJA X 24: 300000",false,"https://res.cloudinary.com/dstnroimw/image/upload/v1756216677/pwvlbeboak2emcbogiif.png","pwvlbeboak2emcbogiif","2025-08-20T17:02:18.961698+00:00","2025-08-20T17:02:18.961698+00:00"
37,,"REIMIGTON PLANCHA PARA EL CABELLO",0,"Otros",0,,false,"https://res.cloudinary.com/dstnroimw/image/upload/v1756218626/hifveej3zsknbsvxdjq2.png","hifveej3zsknbsvxdjq2","2025-08-20T17:07:19.541951+00:00","2025-08-20T17:07:19.541951+00:00"
33,,"TIO NACHO CONTROL CASPA 415",23000,"Cuidado del Cabello",238,"CAJA X 12",true,"https://res.cloudinary.com/dstnroimw/image/upload/v1756219718/fpsedkkxnehrkimrwflr.png","fpsedkkxnehrkimrwflr","2025-08-20T17:04:58.559676+00:00","2025-08-20T17:04:58.559676+00:00"
83,,"Huggies Active Sec Etapa 5/XXG x 25",26000,"Pañales",72,"Pacax8",true,"https://res.cloudinary.com/dstnroimw/image/upload/v1758406210/ucqmxl9zah0xz5t2j2r1.png","ucqmxl9zah0xz5t2j2r1","2025-09-20T17:40:32.449518+00:00","2025-09-20T17:40:32.449518+00:00"
11,,"ELIZABET ARDEN 40 GR",2000,"Desodorantes",0,"CAJA X 12",false,"https://res.cloudinary.com/dstnroimw/image/upload/v1756216850/jkfdupjdhojdjplpmy8f.png","jkfdupjdhojdjplpmy8f","2025-08-20T16:55:00.397166+00:00","2025-08-20T16:55:00.397166+00:00"
23,,"REXONA  DEO ROLON  V8 X 50G X2",14000,"Desodorantes",396,"CAJA X 12",false,"https://res.cloudinary.com/dstnroimw/image/upload/v1756218950/dkbvm2qevcqibk1kazc3.png","dkbvm2qevcqibk1kazc3","2025-08-20T17:00:35.998467+00:00","2025-08-20T17:00:35.998467+00:00"
3,,"TOALLAS NOSOTRAS RAPIGEL X 30",11000,"Toallas",0,"tallas nosotras rapigel x 30 caja x 8",false,"https://res.cloudinary.com/dstnroimw/image/upload/v1756219671/bh1kzufjjpk7wrzfxbxb.png","bh1kzufjjpk7wrzfxbxb","2025-08-15T12:38:40.351342+00:00","2025-08-15T12:38:40.351342+00:00"
48,,"HUGGIES ETP 1X25 BLT X6PK",13000,"Pañales",0,"paca x 6 78000",false,"https://res.cloudinary.com/dstnroimw/image/upload/v1756217100/lh1apms1dacbfqe1tmaq.png","lh1apms1dacbfqe1tmaq","2025-08-20T17:14:54.619229+00:00","2025-08-20T17:14:54.619229+00:00"
16,,"JOHNSONS BABY 200 ML",10000,"Cuidado del Cabello",0,"CAJA  X 12",false,"https://res.cloudinary.com/dstnroimw/image/upload/v1756217345/it8wdfqj70pbaqosdcjn.png","it8wdfqj70pbaqosdcjn","2025-08-20T16:57:22.537461+00:00","2025-08-20T16:57:22.537461+00:00"
44,,"GILLETTE PRESTOBARBAS 10X12X120",375000,"Bloqueadores y Cuidado de la Piel",0,"Paca x 12 x 10 375000",false,"https://res.cloudinary.com/dstnroimw/image/upload/v1756219847/sjzxxh8vriacvdljpwqt.png","sjzxxh8vriacvdljpwqt","2025-08-20T17:13:14.591586+00:00","2025-08-20T17:13:14.591586+00:00"
32,,"HUGGIES ETAPA 5 X 50",52000,"Pañales",0,"PACA X 8 =  416000",false,"https://res.cloudinary.com/dstnroimw/image/upload/v1758411733/jtgzrrxfryjhoudbn2j4.png","jtgzrrxfryjhoudbn2j4","2025-08-20T17:04:28.1772+00:00","2025-08-20T17:04:28.1772+00:00"
39,,"HUGGIES ETP 1X50 BLT X6PK",26000,"Pañales",0,,false,"https://res.cloudinary.com/dstnroimw/image/upload/v1756221324/nusey39xquq7r5ov7bub.png","nusey39xquq7r5ov7bub","2025-08-20T17:08:55.376071+00:00","2025-08-20T17:08:55.376071+00:00"
35,,"NOSOTRAS BUENAS NOCHES +PROTE...",17500,"Toallas",250,"CAJA X  12 175000",true,"https://res.cloudinary.com/dstnroimw/image/upload/v1756217613/jlvvbmsdlxum6ghddd9f.png","jlvvbmsdlxum6ghddd9f","2025-08-20T17:06:02.478501+00:00","2025-08-20T17:06:02.478501+00:00"
50,,"LIPSTICK NIVEA CHERRY 24X4.8G",11500,"Medicamentos",0,,false,"https://res.cloudinary.com/dstnroimw/image/upload/v1756217405/sat1d83eigo3hm2xjzze.png","sat1d83eigo3hm2xjzze","2025-08-20T17:15:51.750005+00:00","2025-08-20T17:15:51.750005+00:00"
43,,"CICATRICURE 12X30G",27000,"Medicamentos",0,"CAJA X 12",false,"https://res.cloudinary.com/dstnroimw/image/upload/v1756216523/kgbqq6b92lmjbcorbfuh.webp","kgbqq6b92lmjbcorbfuh","2025-08-20T17:12:37.962792+00:00","2025-09-15T15:31:11.989511+00:00"
51,,"PONDS CREMA S X 200 G",20000,"Bloqueadores y Cuidado de la Piel",8,"CAJA X 12",false,"https://res.cloudinary.com/dstnroimw/image/upload/v1756218346/mu7zbvg5znw0f1cjl5lr.png","mu7zbvg5znw0f1cjl5lr","2025-08-20T17:16:21.020011+00:00","2025-08-20T17:16:21.020011+00:00"
38,,"JABON J&J BABY PACK 3X16X110G",9999,"Jabones y Geles",0,"DOCENA 40000  
992 tripacs
1092 rosado 
Amarillo 949",false,"https://res.cloudinary.com/dstnroimw/image/upload/v1756910449/shxo4lfef6dcndr3lftu.jpg","shxo4lfef6dcndr3lftu","2025-08-20T17:08:02.236473+00:00","2025-08-20T17:08:02.236473+00:00"
73,,"Mieltertos Gripa Naranja Día Sobres 24 Sobres",35500,"Medicamentos",0,"CAJA X 24 ",false,"https://res.cloudinary.com/dstnroimw/image/upload/v1758406819/lyp8qxs3be1tujvtg10i.png","lyp8qxs3be1tujvtg10i","2025-09-19T15:38:06.662734+00:00","2025-09-19T15:38:06.662734+00:00"
58,,"PAÑAL TENA SLIP",36000,"Pañales",288,,true,"https://res.cloudinary.com/dstnroimw/image/upload/v1756151464/i3yuefnge62migf4gfg1.jpg","i3yuefnge62migf4gfg1","2025-08-25T19:51:08.566612+00:00","2025-09-16T16:22:08.800893+00:00"
68,,"Gillette Venus Simply 3filos Blister X8",25000,"Bloqueadores y Cuidado de la Piel",0,"X8",false,"https://res.cloudinary.com/dstnroimw/image/upload/v1758411965/uiezk1dpnu0nfrqpebze.png","uiezk1dpnu0nfrqpebze","2025-09-01T20:51:52.991744+00:00","2025-09-01T20:51:52.991744+00:00"
63,,"EGO ATTRATION 240 ml",6500,"Jabones y Geles",0,,false,"https://res.cloudinary.com/dstnroimw/image/upload/v1756323536/b0gtb1f38cgdhspburlt.jpg","b0gtb1f38cgdhspburlt","2025-08-27T19:39:19.879576+00:00","2025-08-27T19:39:19.879576+00:00"
133,,"Mieltertos mentholyptus pastillas masticables X48 X12X4",18500,"Medicamentos",1222,,true,"https://res.cloudinary.com/dstnroimw/image/upload/v1758845411/cstw1ikd1ithofx9icez.png","cstw1ikd1ithofx9icez","2025-09-26T00:10:30.255961+00:00","2025-09-26T00:10:30.255961+00:00"
54,,"PONDS CREMA S  HUMECTANTE 100 ML TUVO",18000,"Bloqueadores y Cuidado de la Piel",285,"CAJA X 12",true,"https://res.cloudinary.com/dstnroimw/image/upload/v1756218284/w8gra8jtb4j0htf16vrm.png","w8gra8jtb4j0htf16vrm","2025-08-20T17:18:22.384098+00:00","2025-08-20T17:18:22.384098+00:00"
52,,"SUNDARK NINOS SOBRE",1,"Bloqueadores y Cuidado de la Piel",0,"CAJA X 12",false,"https://res.cloudinary.com/dstnroimw/image/upload/v1756219108/cseqlcsacs1vhruqjijs.png","cseqlcsacs1vhruqjijs","2025-08-20T17:17:17.220083+00:00","2025-08-20T17:17:17.220083+00:00"
62,,"BALANCE WOMEN CLINICAL 70 g",5800,"Desodorantes",0,"Caja x 24 139200",false,"https://res.cloudinary.com/dstnroimw/image/upload/v1756316094/hmsm3xgtnasngzindb3g.png","hmsm3xgtnasngzindb3g","2025-08-27T17:24:23.045439+00:00","2025-08-27T17:24:23.045439+00:00"
59,,"KOTEX BUENAS NOCHES X24",12000,"Toallas",533,"PACA X8 96000",true,"https://res.cloudinary.com/dstnroimw/image/upload/v1756247109/mqqrxuawhbjzbsemkgwt.jpg","mqqrxuawhbjzbsemkgwt","2025-08-26T22:23:48.703401+00:00","2026-01-20T15:47:16.890385+00:00"
60,,"JABÓN NEKO DOCENA",12250,"Jabones y Geles",0,"12250 x 3 unidades
Paca x 4 docenas  196000
Avena 1344 y extra suave 1392",false,"https://res.cloudinary.com/dstnroimw/image/upload/v1756315222/xuq0xatx14djbgcgffeq.jpg","xuq0xatx14djbgcgffeq","2025-08-27T17:20:29.025351+00:00","2025-08-27T17:20:29.025351+00:00"
174,,"Intibon jabon íntimo x210 ml x 2",21000,,582,,true,"https://res.cloudinary.com/dstnroimw/image/upload/v1765637818/hys89whum3pzfc66tbvk.jpg","hys89whum3pzfc66tbvk","2025-12-13T14:58:00.800669+00:00","2025-12-13T14:58:00.800669+00:00"
67,,"TEATRICAL ACLADORA 100 ml",18000,"Bloqueadores y Cuidado de la Piel",480,"Caja x 12",true,"https://res.cloudinary.com/dstnroimw/image/upload/v1756908770/drbwic1oikcb8lnv5a87.png","drbwic1oikcb8lnv5a87","2025-09-01T20:46:40.973427+00:00","2025-09-01T20:46:40.973427+00:00"
65,,"TIO NACHO CONTROL CASPA 415 ENGROSADOR",22000,"Cuidado del Cabello",299,"CAJA X 12 264000",true,"https://res.cloudinary.com/dstnroimw/image/upload/v1756490216/lj2qrh6nd1f2jvcwxulo.png","lj2qrh6nd1f2jvcwxulo","2025-08-29T17:57:00.792025+00:00","2025-08-29T17:57:00.792025+00:00"
22,,"PROTECTOR NOSOTRAS DIARIOS X 15",1375,"Toallas",0,"DOCENA 16500 CAJA X 3 DOCENAS",false,"https://res.cloudinary.com/dstnroimw/image/upload/v1756221463/wshwmrf2xp5ppggcexw3.png","wshwmrf2xp5ppggcexw3","2025-08-20T17:00:04.967551+00:00","2025-08-20T17:00:04.967551+00:00"
55,,"REXONA CLINICAL COLACILBLE 30G",32000,"Desodorantes",586,,false,"https://res.cloudinary.com/dstnroimw/image/upload/v1756218750/n5ctj0evesmky3n8lldd.png","n5ctj0evesmky3n8lldd","2025-08-20T17:19:04.821456+00:00","2025-08-20T17:19:04.821456+00:00"
9,,"TOALLAS NOSOTRAS CLASICA X 30",10000,"Toallas",0,"CAJA X 8 80000",false,"https://res.cloudinary.com/dstnroimw/image/upload/v1756217702/wxoskdeordvqs15fkj8a.png","wxoskdeordvqs15fkj8a","2025-08-20T16:53:45.157216+00:00","2025-08-20T16:53:45.157216+00:00"
29,,"SHAMPOO SAVITAL CON ACEITE DE ARGAN CAJA X 20 SOBRES",12000,"Cuidado del Cabello",227,"Paca x 24 300000",true,"https://res.cloudinary.com/dstnroimw/image/upload/v1758408639/ovtwjilrok87x4dcgbjh.png","ovtwjilrok87x4dcgbjh","2025-08-20T17:03:19.906749+00:00","2025-08-20T17:03:19.906749+00:00"
66,,"Rejuveness Antiarrugas con FPS 30 100 G",20000,"Bloqueadores y Cuidado de la Piel",0,,false,"https://res.cloudinary.com/dstnroimw/image/upload/v1758407408/mjiadxepn9camto4hn3m.png","mjiadxepn9camto4hn3m","2025-09-01T20:41:42.040738+00:00","2025-09-01T20:41:42.040738+00:00"
136,,"ACID MANTLE BABY",29000,"Medicamentos",0,,false,"https://res.cloudinary.com/dstnroimw/image/upload/v1759422407/ankg9tkn6howwoydlfys.png","ankg9tkn6howwoydlfys","2025-10-02T16:26:58.131485+00:00","2025-10-02T16:26:58.131485+00:00"
6,,"TOALLAS NOSOTRAS DIA Y NOCHE X 24",10500,"Toallas",0,,false,"https://res.cloudinary.com/dstnroimw/image/upload/v1756221186/dppyfby8tqwndogketue.png","dppyfby8tqwndogketue","2025-08-15T15:22:11.477879+00:00","2025-08-15T15:22:11.477879+00:00"
18,,"HUGGIES ETAPA 3 50 PANALES",34000,"Pañales",0,"PACA X 8 272000",false,"https://res.cloudinary.com/dstnroimw/image/upload/v1756216956/rkvkoejhb37luqroaiji.png","rkvkoejhb37luqroaiji","2025-08-20T16:58:09.358439+00:00","2025-08-20T16:58:09.358439+00:00"
74,,"ELVIVE HIDRA HIALURONICO SH X370ML",13000,"Cuidado del Cabello",147,"CAJA X 12 ",true,"https://res.cloudinary.com/dstnroimw/image/upload/v1758405980/vldbi1azqalqthsrd2ze.png","vldbi1azqalqthsrd2ze","2025-09-19T15:39:49.992051+00:00","2025-09-19T15:39:49.992051+00:00"
20,,"SHAMPOO JOHNSON X400",19000,"Cuidado del Cabello",0,,false,"https://res.cloudinary.com/dstnroimw/image/upload/v1756219005/fgccky7483cqa6l8vzyu.png","fgccky7483cqa6l8vzyu","2025-08-20T16:59:00.936353+00:00","2025-08-20T16:59:00.936353+00:00"
61,,"BALANCE CLINICAL CREMA 70 g",5800,"Desodorantes",0,"caja x 24  139200",false,"https://res.cloudinary.com/dstnroimw/image/upload/v1756316074/gpjk0gfsktxaasvnc5fg.png","gpjk0gfsktxaasvnc5fg","2025-08-27T17:22:23.723916+00:00","2025-08-27T17:22:23.723916+00:00"
17,,"HUGGIES ETP 4X50 BLT X4PKS",42000,"Pañales",0,,false,"https://res.cloudinary.com/dstnroimw/image/upload/v1756221069/iowwa1g4yxi0p9rqorke.png","iowwa1g4yxi0p9rqorke","2025-08-20T16:57:48.017705+00:00","2025-08-20T16:57:48.017705+00:00"
75,,"NOSOTRAS  EXTRA PROTECCION  6 LARGAS X DOCENA ",2417,"Toallas",0,"DOCENA 29000",false,"https://res.cloudinary.com/dstnroimw/image/upload/v1758296543/xnxjy99vlix70dffxgev.jpg","xnxjy99vlix70dffxgev","2025-09-19T15:42:27.077263+00:00","2025-09-19T15:42:27.077263+00:00"
53,,"TOALLAS NOSOTRAS RAPIGEL X10",4083,"Toallas",0,"PACA X24 98000",false,"https://res.cloudinary.com/dstnroimw/image/upload/v1756218540/k4sduvaaqccdgumbazfq.png","k4sduvaaqccdgumbazfq","2025-08-20T17:17:44.538727+00:00","2025-08-20T17:17:44.538727+00:00"
206,,"Savital shampoo con complejo hialuronico y sabila",12500,"Cuidado del Cabello",34,,true,"https://res.cloudinary.com/dstnroimw/image/upload/v1769435460/rufuimluoeasbzwix6cy.jpg","rufuimluoeasbzwix6cy","2026-01-26T13:51:05.389638+00:00","2026-01-26T13:51:05.389638+00:00"
99,,"Unesia Crema Antimicotico 20 Gr",23000,"Bloqueadores y Cuidado de la Piel",0,,false,"https://res.cloudinary.com/dstnroimw/image/upload/v1758408513/lhpwheoz4haf7ykjyldp.png","lhpwheoz4haf7ykjyldp","2025-09-20T19:20:39.984062+00:00","2025-09-20T19:20:39.984062+00:00"
118,,"Protector Sundark NiNos Spf60 X 120 Ml ",30000,"Bloqueadores y Cuidado de la Piel",0,,false,"https://res.cloudinary.com/dstnroimw/image/upload/v1758412103/oguemm9cpgxt14fxjksn.png","oguemm9cpgxt14fxjksn","2025-09-20T23:50:25.770771+00:00","2025-09-20T23:50:25.770771+00:00"
92,,"CREMA CORPORAL BEBÉ JOHNSONS ORIGINAL",20000,"Bloqueadores y Cuidado de la Piel",0,,false,"https://res.cloudinary.com/dstnroimw/image/upload/v1758405583/nfogrtejzrg2oixbsbga.png","nfogrtejzrg2oixbsbga","2025-09-20T19:00:04.229871+00:00","2025-09-20T19:00:04.229871+00:00"
76,,"Protector Diario Nosotras Multiestilo 15 unidades",16500,"Toallas",263,"DOCENA 17500",true,"https://res.cloudinary.com/dstnroimw/image/upload/v1758409979/wuchj5aceuo3dffpgfag.png","wuchj5aceuo3dffpgfag","2025-09-19T15:44:19.96173+00:00","2026-01-22T12:34:16.109006+00:00"
110,,"Shampoo + Acondicionador DOVE Reconstrucción Completa (740 ml)",22000,"Cuidado del Cabello",0,,false,"https://res.cloudinary.com/dstnroimw/image/upload/v1758405710/umenzlyloocbkwimwshr.png","umenzlyloocbkwimwshr","2025-09-20T20:03:18.375999+00:00","2025-09-20T20:03:18.375999+00:00"
104,,"Asepsia jabon",1,"Jabones y Geles",0,"Carbón activo 450 esponja 60 azufre 40 bicarbonato 40",false,"https://res.cloudinary.com/dstnroimw/image/upload/v1758396759/qpqu1aqvu43j9touv5ux.jpg","qpqu1aqvu43j9touv5ux","2025-09-20T19:35:05.335982+00:00","2025-09-20T19:35:05.335982+00:00"
84,,"TENA PANTS X16",1,"Pañales",1,,false,"https://res.cloudinary.com/dstnroimw/image/upload/v1758390155/owh60koh9cpetshplh23.jpg","owh60koh9cpetshplh23","2025-09-20T17:42:44.359541+00:00","2025-09-20T17:42:44.359541+00:00"
105,,"Asepsia jabon",1,"Jabones y Geles",0,"Carbón activo 450 esponja 60 azufre 40 bicarbonato 40",false,"https://res.cloudinary.com/dstnroimw/image/upload/v1758396759/qpqu1aqvu43j9touv5ux.jpg","qpqu1aqvu43j9touv5ux","2025-09-20T19:35:05.744694+00:00","2025-09-20T19:35:05.744694+00:00"
88,,"MIELTERTOS GRIPA NOCHE PANELA 6 sobres",9200,"Medicamentos",0,,false,"https://res.cloudinary.com/dstnroimw/image/upload/v1758406955/ffiwctll9g5ybow8h0cl.png","ffiwctll9g5ybow8h0cl","2025-09-20T18:35:33.975652+00:00","2025-09-20T18:35:33.975652+00:00"
94,,"Ponds CREMA S Humectante 50 g",9000,"Bloqueadores y Cuidado de la Piel",0,,false,"https://res.cloudinary.com/dstnroimw/image/upload/v1758407481/wxljynh9byndjyxnvlri.png","wxljynh9byndjyxnvlri","2025-09-20T19:05:11.040674+00:00","2025-09-20T19:05:11.040674+00:00"
208,,"prueba",12,"Toallas",2002,,false,,,"2026-01-26T17:06:53.244993+00:00","2026-01-26T17:24:06.059375+00:00"
93,,"Tratamiento SAVITAL hidratacion intensa x425 ml",11000,"Cuidado del Cabello",55,,true,"https://res.cloudinary.com/dstnroimw/image/upload/v1758408700/o5yo8gbqudtqi7eduzuh.png","o5yo8gbqudtqi7eduzuh","2025-09-20T19:03:57.425176+00:00","2025-09-20T19:03:57.425176+00:00"
186,,"nopikex",13500,"Bloqueadores y Cuidado de la Piel",0,,false,"https://res.cloudinary.com/dstnroimw/image/upload/v1768493790/bd79wsrk2i2xeq6ohoat.jpg","bd79wsrk2i2xeq6ohoat","2026-01-15T16:16:34.146196+00:00","2026-01-15T16:16:34.146196+00:00"
98,,"CICATRICURE CREMA FACIAL CONTORNO DE OJOS ANTIARRUGAS  BLUR & FILLER",25000,"Bloqueadores y Cuidado de la Piel",0,,false,"https://res.cloudinary.com/dstnroimw/image/upload/v1758404840/vhfbrwsnlc2ufx2fxo1x.png","vhfbrwsnlc2ufx2fxo1x","2025-09-20T19:19:46.815209+00:00","2025-09-20T19:19:46.815209+00:00"
100,,"CREM CORP NIVEA PROTECCION SOLAR 220ML",14000,"Bloqueadores y Cuidado de la Piel",0,,false,"https://res.cloudinary.com/dstnroimw/image/upload/v1758407066/iclfltrmiclx8bb9xuxa.png","iclfltrmiclx8bb9xuxa","2025-09-20T19:21:58.188103+00:00","2025-09-20T19:21:58.188103+00:00"
108,,"Jabón Líquido Dove Baby Corporal Humectación Enriquecida x 400 ml",20000,"Bloqueadores y Cuidado de la Piel",0,,false,"https://res.cloudinary.com/dstnroimw/image/upload/v1758405291/aek17eqjsjzod3mm581k.png","aek17eqjsjzod3mm581k","2025-09-20T20:01:17.548923+00:00","2025-09-20T20:01:17.548923+00:00"
79,,"Maquina De Afeitar Groomen 300 + 1 Repuesto",20000,"Bloqueadores y Cuidado de la Piel",21,,true,"https://res.cloudinary.com/dstnroimw/image/upload/v1758406080/n1xskijlh968da5zrhyz.png","n1xskijlh968da5zrhyz","2025-09-20T17:22:29.702302+00:00","2025-09-20T17:22:29.702302+00:00"
77,,"TAMPONES DIGITALES KOTEX SUPER P.E CAJA X 32 UNDS",14000,"Toallas",0,"Caja x 12",false,"https://res.cloudinary.com/dstnroimw/image/upload/v1758406635/mufzbrogs8zjurvownip.png","mufzbrogs8zjurvownip","2025-09-20T17:11:10.512673+00:00","2025-09-20T17:11:10.512673+00:00"
211,,"prueba",0,"Toallas",0,,false,,,"2026-01-27T15:50:28.952049+00:00","2026-01-27T15:50:28.952049+00:00"
107,,"JABON REXONA ANTIBACTERIAL AVENA X 3 UNDS",10000,"Jabones y Geles",0,,false,"https://res.cloudinary.com/dstnroimw/image/upload/v1758415630/glgfry3dbavwh2l2n00n.png","glgfry3dbavwh2l2n00n","2025-09-20T19:51:33.179208+00:00","2025-09-20T19:51:33.179208+00:00"
103,,"Crema Para Peinar Sedal Rizos Definidos X 2und X 300ml",15000,"Cuidado del Cabello",0,,false,"https://res.cloudinary.com/dstnroimw/image/upload/v1758408817/zltxx5qkwo5cmphqxxkq.png","zltxx5qkwo5cmphqxxkq","2025-09-20T19:25:28.262063+00:00","2025-09-20T19:25:28.262063+00:00"
4,,"PROTECTORES NOSOTRAS MULTIESTILO x 150  x 10 CAJAS",14000,"Toallas",0,"C/U 14000",false,"https://res.cloudinary.com/dstnroimw/image/upload/v1756217857/g5jpd7snqpwywzx9jaue.png","g5jpd7snqpwywzx9jaue","2025-08-15T15:17:56.262168+00:00","2025-08-15T15:17:56.262168+00:00"
78,,"Crema Dental Sensodyne 8 Beneficios En 1 x 50 gr",6000,"Desodorantes",160,,true,"https://res.cloudinary.com/dstnroimw/image/upload/v1758408941/yziuvhtd3zm2rimivfvg.png","yziuvhtd3zm2rimivfvg","2025-09-20T17:19:38.847888+00:00","2025-09-20T17:19:38.847888+00:00"
215,,"prueba PRECIO",30000,"Toallas",1,,true,,,"2026-01-28T14:52:20.866319+00:00","2026-01-28T14:52:20.866319+00:00"
95,,"Ponds Crema  C Pepino x 50 g",8800,"Bloqueadores y Cuidado de la Piel",72,,false,"https://res.cloudinary.com/dstnroimw/image/upload/v1758407297/xf2gdejvesglehkfbhdw.png","xf2gdejvesglehkfbhdw","2025-09-20T19:06:37.954432+00:00","2025-09-20T19:06:37.954432+00:00"
109,,"CREMA DENTAL COLGATE TRIPLE ACCION TUBO X 150 ML",8888,"Jabones y Geles",0,,false,"https://res.cloudinary.com/dstnroimw/image/upload/v1758405017/gthkbxagpokovrgj8mx6.png","gthkbxagpokovrgj8mx6","2025-09-20T20:02:16.809431+00:00","2025-09-20T20:02:16.809431+00:00"
198,,"Desodorante Nivea spray 2x1tono natural clásico touch",22000,"Desodorantes",0,"Paca por 6 2x1 ",false,,,"2026-01-20T13:44:05.413029+00:00","2026-01-20T13:44:05.413029+00:00"
111,,"COLONIA ARRURRU AZUL X800ML",41000,"Cuidado del Cabello",9,,false,"https://res.cloudinary.com/dstnroimw/image/upload/v1758403892/nkqysgpg9l3rlshhxhv6.png","nkqysgpg9l3rlshhxhv6","2025-09-20T20:05:43.756466+00:00","2025-09-20T20:05:43.756466+00:00"
85,,"Toallas Kotex Normal 24 Und",7500,"Toallas",56,,false,"https://res.cloudinary.com/dstnroimw/image/upload/v1758408080/ohyzrby3i4sa0hkld4hd.png","ohyzrby3i4sa0hkld4hd","2025-09-20T18:06:47.507492+00:00","2025-10-31T17:29:11.586203+00:00"
82,,"PLANCHA PARA EL CABELLO  REMINTON RE 2086",50000,"Otros",0,,true,"https://res.cloudinary.com/dstnroimw/image/upload/v1758416016/xln3ra4ncuixvttawdns.png","xln3ra4ncuixvttawdns","2025-09-20T17:35:29.110251+00:00","2025-09-20T17:35:29.110251+00:00"
8,,"TOALLAS NOSOTRAS DIA Y NOCHE X24",84000,"Toallas",0,"C/U 1",false,"https://res.cloudinary.com/dstnroimw/image/upload/v1756217770/v1dbqec9nq3lxtsjrinj.png","v1dbqec9nq3lxtsjrinj","2025-08-20T16:52:40.429212+00:00","2025-08-20T16:52:40.429212+00:00"
116,,"Enjuague Bucal LISTERINE Control Cálculo 180 ml",9500,,1000,,false,"https://res.cloudinary.com/dstnroimw/image/upload/v1758410790/hj9xo9qor4prgt0mcxit.png","hj9xo9qor4prgt0mcxit","2025-09-20T23:27:39.326625+00:00","2026-01-22T13:47:19.962263+00:00"
130,," PONDS Crema  CLARANT B3 100 g",1,"Bloqueadores y Cuidado de la Piel",0,,false,,,"2025-09-23T19:54:45.161915+00:00","2025-09-23T19:54:45.161915+00:00"
193,,"Kotex x 24 ultraproteccion",7500,"Toallas",12,"Paca por 8 UND.",false,"https://res.cloudinary.com/dstnroimw/image/upload/v1768915643/l4twswioykfmvs6l3wq7.jpg","l4twswioykfmvs6l3wq7","2026-01-20T13:27:30.848877+00:00","2026-01-20T13:27:30.848877+00:00"
101,,"Crema Nivea Body Milk Almendras 125 Ml",8000,"Bloqueadores y Cuidado de la Piel",0,,false,"https://res.cloudinary.com/dstnroimw/image/upload/v1758409854/p2fkftac0i5ej5ekjobz.png","p2fkftac0i5ej5ekjobz","2025-09-20T19:22:52.00968+00:00","2025-09-20T19:22:52.00968+00:00"
123,,"NEKO AVENA 16X110GRX3",196000,"Jabones y Geles",76,"PACA  x 4 docenas",true,"https://res.cloudinary.com/dstnroimw/image/upload/v1758414647/vla0kx5gp7jmvks7swh0.png","vla0kx5gp7jmvks7swh0","2025-09-21T00:31:44.903764+00:00","2025-09-21T00:31:44.903764+00:00"
87,,"Mieltertos Antigripal Gripa Día Panela y Naranja X 6 sobres",9200,"Medicamentos",69,"Cajas 25",true,"https://res.cloudinary.com/dstnroimw/image/upload/v1758406862/dayzsw5ceubnp84wh1m9.png","dayzsw5ceubnp84wh1m9","2025-09-20T18:34:10.811676+00:00","2025-09-20T18:34:10.811676+00:00"
120,,"Jabon Asepxia 100 g Bicarbonato",10000,"Jabones y Geles",0,,false,"https://res.cloudinary.com/dstnroimw/image/upload/v1758414279/j0v9vraibovzyxmswf2h.png","j0v9vraibovzyxmswf2h","2025-09-21T00:24:49.392229+00:00","2025-09-21T00:24:49.392229+00:00"
119,,"Asepxia Jabon Facial Antiacne Carbon 100G",11000,"Jabones y Geles",334,,true,"https://res.cloudinary.com/dstnroimw/image/upload/v1758414178/bahmaxewy6izmqsnhx6h.png","bahmaxewy6izmqsnhx6h","2025-09-21T00:23:19.08585+00:00","2025-09-21T00:23:19.08585+00:00"
209,,"prueba 2",1,"Toallas",0,,false,,,"2026-01-26T17:58:07.987525+00:00","2026-01-26T17:58:07.987525+00:00"
212,,"prueba5",1,"Alimentos",0,,false,,,"2026-01-27T16:16:05.621509+00:00","2026-01-27T16:16:05.621509+00:00"
207,,"Savital Crema de peinar con aceite de argón y sabila",12500,"Cuidado del Cabello",0,,false,"https://res.cloudinary.com/dstnroimw/image/upload/v1769435633/u4lm3dqcdxwj8irfu6zc.jpg","u4lm3dqcdxwj8irfu6zc","2026-01-26T13:54:17.892721+00:00","2026-01-26T13:54:17.892721+00:00"
81,,"Vitamina C 500 Mg La Santé Mandarina Caja X 100",24000,"Medicamentos",0,"precio ant22",false,"https://res.cloudinary.com/dstnroimw/image/upload/v1758408572/ywu87pp1jrsj9mr6zpxy.png","ywu87pp1jrsj9mr6zpxy","2025-09-20T17:33:12.909614+00:00","2025-09-20T17:33:12.909614+00:00"
177,,"Menticol x250ml",11000,"Bloqueadores y Cuidado de la Piel",0,,false,"https://res.cloudinary.com/dstnroimw/image/upload/v1765643645/bxhe8qtrgqtuvje7qko4.jpg","bxhe8qtrgqtuvje7qko4","2025-12-13T16:35:15.475994+00:00","2025-12-13T16:35:15.475994+00:00"
137,,"Nivea nutritiva Milk 1000 ml",32000,"Bloqueadores y Cuidado de la Piel",0,,false,"https://res.cloudinary.com/dstnroimw/image/upload/v1759870805/vqqdzyx76ft0a2g0yvml.jpg","vqqdzyx76ft0a2g0yvml","2025-10-07T21:00:11.228824+00:00","2025-10-07T21:00:11.228824+00:00"
125,,"Jabon Johnsons Original hum. 110G X 3Und",9999,"Jabones y Geles",0,"docena  40000",false,"https://res.cloudinary.com/dstnroimw/image/upload/v1758415260/aaga9jxmfg3fsqludixq.png","aaga9jxmfg3fsqludixq","2025-09-21T00:41:07.884328+00:00","2025-09-21T00:41:07.884328+00:00"
187,,"Dolex bebe 1-24 meses",11000,"Medicamentos",15,,true,"https://res.cloudinary.com/dstnroimw/image/upload/v1768494005/dcmlrxdrssvhkqzqlzed.webp","dcmlrxdrssvhkqzqlzed","2026-01-15T16:20:09.942747+00:00","2026-01-15T16:20:09.942747+00:00"
127,,"Jabon Johnsons Baby hum. 110G X 3Und",9999,"Jabones y Geles",0,"docena  40000",false,"https://res.cloudinary.com/dstnroimw/image/upload/v1758415498/r48va2rtbz3rydadeueb.png","r48va2rtbz3rydadeueb","2025-09-21T00:45:14.05606+00:00","2025-09-21T00:45:14.05606+00:00"
216,,"aaa",1,,17,,false,,,"2026-01-28T23:43:17.699615+00:00","2026-01-28T23:43:17.699615+00:00"
126,,"Jabon Johnsons Avena hum. 110g x 3",9999,"Jabones y Geles",0,"docena 40000",false,"https://res.cloudinary.com/dstnroimw/image/upload/v1758415399/nw2csixn1jedglqdjgk9.png","nw2csixn1jedglqdjgk9","2025-09-21T00:43:35.67304+00:00","2025-09-21T00:43:35.67304+00:00"
102,,"CALADERM LOCIÓN GEL",9000,"Bloqueadores y Cuidado de la Piel",8,,false,"https://res.cloudinary.com/dstnroimw/image/upload/v1758404297/uls958pb1bzlnh50pzpv.png","uls958pb1bzlnh50pzpv","2025-09-20T19:23:48.499178+00:00","2025-09-20T19:23:48.499178+00:00"
128,,"REXONA DESODORANTE EN CREMA CLINICAL CLEAN 30 GR",2666,"Desodorantes",0,,false,"https://res.cloudinary.com/dstnroimw/image/upload/v1758416468/v3hdfctlijz9p3bmuyfn.png","v3hdfctlijz9p3bmuyfn","2025-09-21T01:01:15.060132+00:00","2025-09-21T01:01:15.060132+00:00"
10,,"REXONA DEO SOBRE SURTIDO 24DPL X12 TIRAS X 10 SAC...",13500,"Desodorantes",0,"CAJA X 24 DISPLEY 324000",false,"https://res.cloudinary.com/dstnroimw/image/upload/v1756218877/e33e4bq34zwle5jnpctj.png","e33e4bq34zwle5jnpctj","2025-08-20T16:54:21.081032+00:00","2025-08-20T16:54:21.081032+00:00"
114,,"REXONA MEN DEO V8 ROLLON 30 ML",2667,"Desodorantes",126,"DOCENA 32000",true,"https://res.cloudinary.com/dstnroimw/image/upload/v1758409174/odwgkmlr2yhhaccwacqi.png","odwgkmlr2yhhaccwacqi","2025-09-20T20:14:02.522749+00:00","2025-09-20T20:14:02.522749+00:00"
121,,"Jabon Asepxia Azufre X 100 G - Asepxia",10000,"Jabones y Geles",0,,false,"https://res.cloudinary.com/dstnroimw/image/upload/v1758414366/aafvhol2tdda36ahunz4.png","aafvhol2tdda36ahunz4","2025-09-21T00:26:21.149348+00:00","2025-09-21T00:26:21.149348+00:00"
175,,"Savital hidratación ",10500,"Cuidado del Cabello",0,,false,"https://res.cloudinary.com/dstnroimw/image/upload/v1765638251/azuank5lwunx48tkzv8j.jpg","azuank5lwunx48tkzv8j","2025-12-13T15:02:41.500865+00:00","2025-12-13T15:02:41.500865+00:00"
138,,"Nivea spray rojo natural x2",22000,"Bloqueadores y Cuidado de la Piel",0,,false,"https://res.cloudinary.com/dstnroimw/image/upload/v1763741516/a7fapvclpoqfcjbohobi.png","a7fapvclpoqfcjbohobi","2025-10-07T21:36:59.103931+00:00","2025-10-07T21:36:59.103931+00:00"
122,,"Jabon ASEPXIA Barra Esponja Integrada Acido (80 gr)",10000,"Jabones y Geles",0,,false,"https://res.cloudinary.com/dstnroimw/image/upload/v1758414460/vmdcgssbvbe70tgrzcjw.png","vmdcgssbvbe70tgrzcjw","2025-09-21T00:27:46.219546+00:00","2025-09-21T00:27:46.219546+00:00"
113,,"acondicionador savital complejo hialuronico y sabila caja x 20 sobres 22 ml",12500,"Cuidado del Cabello",0,,false,"https://res.cloudinary.com/dstnroimw/image/upload/v1758409246/xoi4l2ii6bmoudwl525t.png","xoi4l2ii6bmoudwl525t","2025-09-20T20:09:40.855972+00:00","2025-09-20T20:09:40.855972+00:00"
112,,"Acondicionador Savital Multivitaminas X 25Ml  SOBRES",12500,"Cuidado del Cabello",0,,false,"https://res.cloudinary.com/dstnroimw/image/upload/v1758405853/mijt6wcuwzghsps0ysi8.png","mijt6wcuwzghsps0ysi8","2025-09-20T20:07:25.945158+00:00","2025-09-20T20:07:25.945158+00:00"
147,,"SHA. SAVITAL ANTICASPA 510 m",10500,"Cuidado del Cabello",3,,false,"https://res.cloudinary.com/dstnroimw/image/upload/v1760722732/gpvlzexvzrn3sfibmn9e.jpg","gpvlzexvzrn3sfibmn9e","2025-10-17T17:33:14.712294+00:00","2025-10-17T17:33:14.712294+00:00"
106,,"TALCO ARDEN FOR MAN X135G",4000,"Desodorantes",0,,false,"https://res.cloudinary.com/dstnroimw/image/upload/v1758403522/ankautwo7ghszuxzg5oi.png","ankautwo7ghszuxzg5oi","2025-09-20T19:39:56.672628+00:00","2025-09-20T19:39:56.672628+00:00"
89,,"Shampoo Savital Multivitaminas & Sábila",12500,"Cuidado del Cabello",0,"Caja x24",false,"https://res.cloudinary.com/dstnroimw/image/upload/v1758409519/jdg6sre3kbtbczhrhxyk.png","jdg6sre3kbtbczhrhxyk","2025-09-20T18:39:47.670702+00:00","2025-09-20T18:39:47.670702+00:00"
129,,"ALIM ENSURE LIQ VAINILLA 220ML",8000,"Alimentos",11,,false,"https://res.cloudinary.com/dstnroimw/image/upload/v1758416559/wluzqomjebe2epeulvlt.png","wluzqomjebe2epeulvlt","2025-09-21T01:02:46.218897+00:00","2025-09-21T01:02:46.218897+00:00"
139,,"Nivea spray rojo natural x2",22000,"Bloqueadores y Cuidado de la Piel",0,,false,"https://res.cloudinary.com/dstnroimw/image/upload/v1759873019/cprhhdndjapoxgqiyl0f.jpg","cprhhdndjapoxgqiyl0f","2025-10-07T21:37:06.867085+00:00","2025-10-07T21:37:06.867085+00:00"
117,,"Enjuague Bucal LISTERINE Control Cálculo 500 ml",19000,,12,,false,"https://res.cloudinary.com/dstnroimw/image/upload/v1758411061/nqzid106mit0c2srdk5j.png","nqzid106mit0c2srdk5j","2025-09-20T23:31:44.24589+00:00","2025-09-20T23:31:44.24589+00:00"
115,,"REXONA BAMBOO Rollon x30ml",2667,"Desodorantes",360,"DOCENA 32000",true,"https://res.cloudinary.com/dstnroimw/image/upload/v1758407666/ggrbdwrhet2ufwoipbuh.png","ggrbdwrhet2ufwoipbuh","2025-09-20T20:15:27.699397+00:00","2025-09-20T20:15:27.699397+00:00"
134,,"Gel Capilar Ego Attraction X 110 Ml",2125,"Cuidado del Cabello",5376,"Caja x 24 unidades  51000",true,"https://res.cloudinary.com/dstnroimw/image/upload/v1759015224/vrdmsjl2bmpxxk4pfczi.jpg","vrdmsjl2bmpxxk4pfczi","2025-09-27T23:18:20.94144+00:00","2025-09-27T23:18:20.94144+00:00"
183,,"PONDS  S 200 ML",20000,"Alimentos",0,,false,,,"2025-12-18T15:43:09.451912+00:00","2025-12-18T15:43:09.451912+00:00"
156,,"DEPILEX 200 GR 3 EN 1",18000,"Bloqueadores y Cuidado de la Piel",0,,false,"https://res.cloudinary.com/dstnroimw/image/upload/v1762455971/rymw1expsgxeltdhckta.jpg","rymw1expsgxeltdhckta","2025-11-06T19:06:17.343252+00:00","2025-11-06T19:06:17.343252+00:00"
152,,"TARRITO ROJO X 380 G",18500,"Medicamentos",760,,false,"https://res.cloudinary.com/dstnroimw/image/upload/v1769101000/psil2irjyzk31nyncbjb.webp","psil2irjyzk31nyncbjb","2025-11-06T18:57:48.295657+00:00","2025-11-06T18:57:48.295657+00:00"
143,,"Nivea antiarrugas x100",20000,"Bloqueadores y Cuidado de la Piel",0,,false,"https://res.cloudinary.com/dstnroimw/image/upload/v1759873476/e1mnxfrbtohtedzzvmiq.jpg","e1mnxfrbtohtedzzvmiq","2025-10-07T21:44:59.742551+00:00","2025-10-07T21:44:59.742551+00:00"
176,,"Colgate original total prevención activa 75 ml ",1,"Otros",0,,false,"https://res.cloudinary.com/dstnroimw/image/upload/v1765640918/mgldfq0uvfvrx4idyw1k.jpg","mgldfq0uvfvrx4idyw1k","2025-12-13T15:22:02.862169+00:00","2025-12-13T15:22:02.862169+00:00"
191,,"Nivea tono natural  clásico touch 2x1 rollon",17000,"Desodorantes",330,"Desodorante Nivea tono natural clásico touch 2x1 oferta",true,"https://res.cloudinary.com/dstnroimw/image/upload/v1768911607/drtx6up848inmn8lxqrj.jpg","drtx6up848inmn8lxqrj","2026-01-20T12:21:53.013828+00:00","2026-01-20T12:21:53.013828+00:00"
145,,"DOVE AC RECONSTRUCCIÓN DPL 12X24X18ML sobres",7800,"Cuidado del Cabello",488,,true,"https://res.cloudinary.com/dstnroimw/image/upload/v1760473145/xhjhamrt9prsxft0qqyg.jpg","xhjhamrt9prsxft0qqyg","2025-10-14T20:19:21.766967+00:00","2026-01-30T16:22:42.636039+00:00"
157,,"Mexsana 150 + 85",12500,"Bloqueadores y Cuidado de la Piel",0,,false,"https://res.cloudinary.com/dstnroimw/image/upload/v1762617493/gkgivm0ty5h7qpsbwhxx.jpg","gkgivm0ty5h7qpsbwhxx","2025-11-08T15:58:18.504202+00:00","2025-11-08T15:58:18.504202+00:00"
154,,"AXE BLUES LAVENDER",10500,"Desodorantes",0,,false,"https://res.cloudinary.com/dstnroimw/image/upload/v1762455774/zpzbnghe5zslpyao1jdr.jpg","zpzbnghe5zslpyao1jdr","2025-11-06T19:03:02.894572+00:00","2025-11-06T19:03:02.894572+00:00"
151,,"colgate sensitive 100mg ",13000,"Jabones y Geles",0,,false,"https://res.cloudinary.com/dstnroimw/image/upload/v1762455328/klc9vwiducmrpwwqgqvf.jpg","klc9vwiducmrpwwqgqvf","2025-11-06T18:55:31.807365+00:00","2025-11-06T18:55:31.807365+00:00"
159,,"Nivea 1000 Q10",34000,"Bloqueadores y Cuidado de la Piel",0,,false,"https://res.cloudinary.com/dstnroimw/image/upload/v1763739193/ba4eytor2cp9ydyngqsm.png","ba4eytor2cp9ydyngqsm","2025-11-21T15:33:24.185491+00:00","2025-11-21T15:33:24.185491+00:00"
161,,"Arrurru 60 loción niña",10000,"Bloqueadores y Cuidado de la Piel",0,,false,"https://res.cloudinary.com/dstnroimw/image/upload/v1763739329/ee8qvi32poohh7ih25fv.png","ee8qvi32poohh7ih25fv","2025-11-21T15:35:34.177424+00:00","2025-11-21T15:35:34.177424+00:00"
149,,"Crema Dental Colgate Luminous White Carbon Activado X 75 Ml",12000,"Jabones y Geles",0,"Caja x48 576000",false,"https://res.cloudinary.com/dstnroimw/image/upload/v1761167710/nfbkfc8noywgr8klosph.jpg","nfbkfc8noywgr8klosph","2025-10-22T21:15:37.249974+00:00","2025-10-22T21:15:37.249974+00:00"
188,,"sundays",47000,"Bloqueadores y Cuidado de la Piel",60,,true,"https://res.cloudinary.com/dstnroimw/image/upload/v1768494122/smoccvshkpcvcr8mnugw.webp","smoccvshkpcvcr8mnugw","2026-01-15T16:22:25.14801+00:00","2026-01-15T16:22:25.14801+00:00"
158,,"Máquina Para Afeitar Gillette Prestobarba 3 Sensitive Blister X 10",380000,"Bloqueadores y Cuidado de la Piel",0,"caja x 120 unidades  blistre 31666 unidad 3166",false,"https://res.cloudinary.com/dstnroimw/image/upload/v1763052499/zbhsgqytq1oopioykcmp.png","zbhsgqytq1oopioykcmp","2025-11-13T16:49:32.127926+00:00","2025-11-13T16:49:32.127926+00:00"
196,,"Sacrusyt",9000,"Medicamentos",172,"Paca 12",true,"https://res.cloudinary.com/dstnroimw/image/upload/v1769101340/dyc1aa7oyi2rg1vkulxo.webp","dyc1aa7oyi2rg1vkulxo","2026-01-20T13:33:32.629906+00:00","2026-01-20T13:33:32.629906+00:00"
213,,"prueba 5",0,"Toallas",0,,false,,,"2026-01-27T16:38:40.35525+00:00","2026-01-27T16:38:40.35525+00:00"
210,,"Lady speed stick floral gel 70 gramos",7000,"Desodorantes",281,"Paca x18 unidades",true,"https://res.cloudinary.com/dstnroimw/image/upload/v1769527471/agn8ohaenkq3ohcjt1aq.jpg","agn8ohaenkq3ohcjt1aq","2026-01-27T15:25:46.018061+00:00","2026-01-27T15:25:46.018061+00:00"
180,,"Colgate x 12 premier",22000,,0,,false,"https://res.cloudinary.com/dstnroimw/image/upload/v1765644973/equ6e5iddqftdshl6cw7.jpg","equ6e5iddqftdshl6cw7","2025-12-13T16:56:29.64746+00:00","2025-12-13T16:56:29.64746+00:00"
217,,"Betametasona 0.05  20 Gramos ",4000,"Medicamentos",360,"Unidad la francol",true,"https://res.cloudinary.com/dstnroimw/image/upload/v1769700131/gmndv8wrx9s7qsvrtsh4.jpg","gmndv8wrx9s7qsvrtsh4","2026-01-29T15:23:07.436307+00:00","2026-01-29T15:23:07.436307+00:00"
146,,"Shampoo dove sobres ",7800,"Cuidado del Cabello",0,,false,"https://res.cloudinary.com/dstnroimw/image/upload/v1760473265/uywyfppplchrugfyloo7.jpg","uywyfppplchrugfyloo7","2025-10-14T20:21:14.640072+00:00","2025-10-14T20:21:14.640072+00:00"
153,,"SERUN",25000,"Bloqueadores y Cuidado de la Piel",0,,false,"https://res.cloudinary.com/dstnroimw/image/upload/v1762455581/qevexf9nqqlwglpqe9pz.jpg","qevexf9nqqlwglpqe9pz","2025-11-06T18:59:54.688698+00:00","2025-11-06T18:59:54.688698+00:00"
27,,"SAVITAL CR MULTIVITAMINAS SACHET 24X20X25ML",12500,"Cuidado del Cabello",0,"CAJA X 24 300000",false,"https://res.cloudinary.com/dstnroimw/image/upload/v1758405402/thttanarqqtnwobidsfu.png","thttanarqqtnwobidsfu","2025-08-20T17:02:40.390474+00:00","2025-08-20T17:02:40.390474+00:00"
148,,"SHA. SAVITAL MULTIVITAMINAS 510 m",10500,"Cuidado del Cabello",0,,false,"https://res.cloudinary.com/dstnroimw/image/upload/v1760722750/rmlfacyuvb7jcdxmobiu.jpg","rmlfacyuvb7jcdxmobiu","2025-10-17T17:37:48.085546+00:00","2025-10-17T17:37:48.085546+00:00"
131,,"SHA. SAVITAL MULTIOLEOS 510 m",10500,"Cuidado del Cabello",0,"Caja x12",false,"https://res.cloudinary.com/dstnroimw/image/upload/v1760722323/b0naj2zrnyzhqz5ytvcl.jpg","b0naj2zrnyzhqz5ytvcl","2025-09-23T19:56:45.644102+00:00","2025-09-23T19:56:45.644102+00:00"
160,,"Ponds 100 gramos pote Clant b3",16500,"Bloqueadores y Cuidado de la Piel",286,,false,"https://res.cloudinary.com/dstnroimw/image/upload/v1763739280/omnp7qtj4xytu0i3jg5l.png","omnp7qtj4xytu0i3jg5l","2025-11-21T15:34:46.305451+00:00","2025-11-21T15:34:46.305451+00:00"
141,,"Nivea facial. 5 en 1 100gr azul",14500,"Bloqueadores y Cuidado de la Piel",186,,false,"https://res.cloudinary.com/dstnroimw/image/upload/v1759873130/jbwzs8xwvyn0f7ridq1a.jpg","jbwzs8xwvyn0f7ridq1a","2025-10-07T21:38:53.74951+00:00","2025-10-07T21:38:53.74951+00:00"
144,,"Cepillo de dientes PRO Deluxe Visitar > 425 | Oral-B",45000,"Jabones y Geles",0,,false,"https://res.cloudinary.com/dstnroimw/image/upload/v1760472929/utgjwdovjkd38qpbw6cu.jpg","utgjwdovjkd38qpbw6cu","2025-10-14T20:15:34.784797+00:00","2025-10-14T20:15:34.784797+00:00"
142,,"Nivea facial cuidado antiarrugasx 100ml",21000,"Bloqueadores y Cuidado de la Piel",0,,false,"https://res.cloudinary.com/dstnroimw/image/upload/v1759873184/mqqlxih7kkxxjvmizgcm.jpg","mqqlxih7kkxxjvmizgcm","2025-10-07T21:39:49.928976+00:00","2025-10-07T21:39:49.928976+00:00"
178,,"Speed stick gel  70 gr",7000,,94,,false,"https://res.cloudinary.com/dstnroimw/image/upload/v1765644345/lelsisav2ovqneg0ic3q.jpg","lelsisav2ovqneg0ic3q","2025-12-13T16:46:47.377965+00:00","2025-12-13T16:46:47.377965+00:00"
70,,"ENJUAGUE BUCAL LISTERINE COOL MINT 1.5 L",30000,"Bloqueadores y Cuidado de la Piel",2,"CAJA X 6 180000",false,"https://res.cloudinary.com/dstnroimw/image/upload/v1756989541/rpk58nbdagvvkmysuo1k.png","rpk58nbdagvvkmysuo1k","2025-09-03T13:12:51.231415+00:00","2025-09-03T13:12:51.231415+00:00"
182,,"Sundays",50000,"Bloqueadores y Cuidado de la Piel",0,,false,"https://res.cloudinary.com/dstnroimw/image/upload/v1765645135/bwyqvs4c9fyeytxjbd5l.jpg","bwyqvs4c9fyeytxjbd5l","2025-12-13T16:59:23.009681+00:00","2025-12-13T16:59:23.009681+00:00"
80,,"LIPSTICK NIVEA CHERRY 4.8G",11500,"Bloqueadores y Cuidado de la Piel",1030,"CAJA X 24",false,"https://res.cloudinary.com/dstnroimw/image/upload/v1758389331/lqzrtx43frvgnimb209g.jpg","lqzrtx43frvgnimb209g","2025-09-20T17:30:04.42814+00:00","2025-09-24T14:58:02.686346+00:00"
168,,"Nude Protec 50SPF x 50 ml",32000,"Bloqueadores y Cuidado de la Piel",197,,true,"https://res.cloudinary.com/dstnroimw/image/upload/v1763739710/atsuvpmb8b8kbpi2w09j.png","atsuvpmb8b8kbpi2w09j","2025-11-21T15:42:36.323412+00:00","2025-11-21T15:42:36.323412+00:00"
194,,"Nivea facial gel  hyaluron 100ml.",20000,"Bloqueadores y Cuidado de la Piel",544,"Paca x24",true,"https://res.cloudinary.com/dstnroimw/image/upload/v1769100769/oahpsoemfkyxw1bnrlqv.webp","oahpsoemfkyxw1bnrlqv","2026-01-20T13:29:31.187854+00:00","2026-01-20T13:29:31.187854+00:00"
135,,"Talco Rexona Eficiente Talco Pack 180g +55g",14000,"Desodorantes",623,,true,"https://res.cloudinary.com/dstnroimw/image/upload/v1769101204/ularaifarz5oiyanfgkt.jpg","ularaifarz5oiyanfgkt","2025-09-29T10:14:13.960202+00:00","2025-09-29T10:14:13.960202+00:00"
171,,"DOVE CLINICAL ROLLON X50G",8000,"Desodorantes",0,,false,"https://res.cloudinary.com/dstnroimw/image/upload/v1763740102/en3cxdfypkcd4jimdncf.png","en3cxdfypkcd4jimdncf","2025-11-21T15:48:35.348035+00:00","2025-11-21T15:48:35.348035+00:00"
195,,"Nivea labial strawberry  fresa",11500,"Bloqueadores y Cuidado de la Piel",674,"Paca x24",true,"https://res.cloudinary.com/dstnroimw/image/upload/v1769100856/kv5eb46bolb3qricfluo.webp","kv5eb46bolb3qricfluo","2026-01-20T13:31:19.677128+00:00","2026-01-20T13:31:19.677128+00:00"
140,,"Nivea rolon tono natural ",8500,"Bloqueadores y Cuidado de la Piel",0,,false,"https://res.cloudinary.com/dstnroimw/image/upload/v1759873077/zklctg5cmbgeunupgxya.jpg","zklctg5cmbgeunupgxya","2025-10-07T21:38:00.306145+00:00","2025-10-07T21:38:00.306145+00:00"
166,,"Desodorante Dove spray 2 precio especial",24000,"Desodorantes",130,,false,"https://res.cloudinary.com/dstnroimw/image/upload/v1769100256/rzmqt0e3givgrwujfaij.jpg","rzmqt0e3givgrwujfaij","2025-11-21T15:40:27.902163+00:00","2025-11-21T15:40:27.902163+00:00"
172,,"Nivea facial 5 en 1 100ml roja",20000,"Bloqueadores y Cuidado de la Piel",0,,false,"https://res.cloudinary.com/dstnroimw/image/upload/v1763740243/pnrwfzsf0r0tnykswznq.png","pnrwfzsf0r0tnykswznq","2025-11-21T15:54:10.283259+00:00","2025-11-21T15:54:10.283259+00:00"
181,,"Garnier vitamina c",25000,"Medicamentos",13,,true,"https://res.cloudinary.com/dstnroimw/image/upload/v1769100614/hb5wmmc8a5logjhii6ll.webp","hb5wmmc8a5logjhii6ll","2025-12-13T16:57:43.567938+00:00","2025-12-13T16:57:43.567938+00:00"
97,,"Desodorante Balance 40u C Invisible Hombre 2 X 50ml",13000,"Bloqueadores y Cuidado de la Piel",0,,false,"https://res.cloudinary.com/dstnroimw/image/upload/v1758404443/ihfllgbkmukjkgvgx5uh.png","ihfllgbkmukjkgvgx5uh","2025-09-20T19:17:26.821913+00:00","2025-09-20T19:17:26.821913+00:00"
150,,"raid mosquitos pastillas  x 84",27000,"Bloqueadores y Cuidado de la Piel",77,,true,"https://res.cloudinary.com/dstnroimw/image/upload/v1762455152/k8rdw8zcxwhi7j8xxwr3.jpg","k8rdw8zcxwhi7j8xxwr3","2025-11-06T18:52:52.772055+00:00","2025-11-06T18:52:52.772055+00:00"
204,,"Shampoo frutos hair food piña  300 ml",19000,"Cuidado del Cabello",132,,true,"https://res.cloudinary.com/dstnroimw/image/upload/v1769179425/igbsocyjbm6bh1rmbe8t.jpg","igbsocyjbm6bh1rmbe8t","2026-01-23T14:45:04.426761+00:00","2026-01-23T14:45:04.426761+00:00"
199,,"Desodorante Nivea tono spray natural  clásico touch 2x1 150 ml",22000,"Desodorantes",83,"Paca x6 ofertas",true,"https://res.cloudinary.com/dstnroimw/image/upload/v1768916787/hxq7ptxpmrerdmsu8rrf.jpg","hxq7ptxpmrerdmsu8rrf","2026-01-20T13:46:36.832745+00:00","2026-01-20T13:46:36.832745+00:00"
163,,"Crema colgate luminus white 125ml",14500,"Jabones y Geles",0,,false,"https://res.cloudinary.com/dstnroimw/image/upload/v1763739438/froeq2srvsuzekrgnwft.png","froeq2srvsuzekrgnwft","2025-11-21T15:37:22.140771+00:00","2025-11-21T15:37:22.140771+00:00"
96,,"PONDS Clarant B3 Antimanchas con FPS 30 100g tuvo",20000,"Bloqueadores y Cuidado de la Piel",899,,true,"https://res.cloudinary.com/dstnroimw/image/upload/v1769101823/vds9bcfekwsg54wouo69.jpg","vds9bcfekwsg54wouo69","2025-09-20T19:11:34.176778+00:00","2025-09-24T16:17:33.630602+00:00"
164,,"Speed stick clinical 100gramos hombre",8500,"Desodorantes",113,,true,"https://res.cloudinary.com/dstnroimw/image/upload/v1763739487/pavdqozvu0ob8dkijp8a.png","pavdqozvu0ob8dkijp8a","2025-11-21T15:38:12.125874+00:00","2025-11-21T15:38:12.125874+00:00"
162,,"Arrurru 60 loción niño",10000,"Bloqueadores y Cuidado de la Piel",0,,false,"https://res.cloudinary.com/dstnroimw/image/upload/v1763739371/h7dzexvd6rgdn5yfzdog.png","h7dzexvd6rgdn5yfzdog","2025-11-21T15:36:15.896111+00:00","2025-11-21T15:36:15.896111+00:00"
165,,"Axe ice chill",10500,"Desodorantes",0,,false,"https://res.cloudinary.com/dstnroimw/image/upload/v1763739537/i322uuvrxzwbjoc0yvty.png","i322uuvrxzwbjoc0yvty","2025-11-21T15:39:02.305791+00:00","2025-11-21T15:39:02.305791+00:00"
189,,"NIVEA DEO BLACK WHITE SPRAY X150 2PACK",22000,"Desodorantes",518,"Desodonte 2x1 Nivea whinte",true,"https://res.cloudinary.com/dstnroimw/image/upload/v1768859318/k8wf2mvxlok49lr3nlrz.jpg","k8wf2mvxlok49lr3nlrz","2026-01-19T13:52:09.423855+00:00","2026-01-19T13:52:09.423855+00:00"
214,,"prueba7",2,"Toallas",0,,false,,,"2026-01-27T16:39:13.963618+00:00","2026-01-27T16:39:13.963618+00:00"
179,,"Dolex 1  a 24 jarabe ",1,"Medicamentos",0,,false,"https://res.cloudinary.com/dstnroimw/image/upload/v1765644689/bmtbrpjacoaclnffjt5t.jpg","bmtbrpjacoaclnffjt5t","2025-12-13T16:51:49.222623+00:00","2025-12-13T16:51:49.222623+00:00"
155,,"CONDON DUO  CAJA x 50UND",80000,"Bloqueadores y Cuidado de la Piel",4,,true,"https://res.cloudinary.com/dstnroimw/image/upload/v1762455876/hgf1iga42uzjigkot6ex.jpg","hgf1iga42uzjigkot6ex","2025-11-06T19:04:59.803559+00:00","2025-11-06T19:04:59.803559+00:00"
167,,"Teatrical roja 100ml",18000,"Bloqueadores y Cuidado de la Piel",203,,true,"https://res.cloudinary.com/dstnroimw/image/upload/v1769101080/dzjhbq7pnriwqjtdojto.webp","dzjhbq7pnriwqjtdojto","2025-11-21T15:41:17.284872+00:00","2025-11-21T15:41:17.284872+00:00"
190,,"Nivea tono natural  clásico touch 2x1",17000,"Desodorantes",0,"Desodorante Nivea tono natural clásico touch 2x1 oferta",false,"https://res.cloudinary.com/dstnroimw/image/upload/v1768911607/drtx6up848inmn8lxqrj.jpg","drtx6up848inmn8lxqrj","2026-01-20T12:21:52.536466+00:00","2026-01-20T12:21:52.536466+00:00"
197,,"Nosotras Protectores x15  multiestilo docena",16500,"Toallas",0,"Paca por 2 docenas",false,,,"2026-01-20T13:39:52.821198+00:00","2026-01-20T13:39:52.821198+00:00"
170,,"Speek stick clinical 100ml dama",8499.98,"Desodorantes",0,,false,"https://res.cloudinary.com/dstnroimw/image/upload/v1765643036/npxicgmvmdrtnq8k9set.jpg","npxicgmvmdrtnq8k9set","2025-11-21T15:44:57.616711+00:00","2025-11-21T15:44:57.616711+00:00"
169,,"COLONIA ARRURRU ROSADA X800ML",42000,"Bloqueadores y Cuidado de la Piel",43,,true,"https://res.cloudinary.com/dstnroimw/image/upload/v1769100100/rgc9d1anrxrw9tyrdlft.jpg","rgc9d1anrxrw9tyrdlft","2025-11-21T15:43:57.263141+00:00","2025-11-21T15:43:57.263141+00:00"
201,,"Vitamina e procaps 150 ",40000,"Medicamentos",59,"Unidad",true,"https://res.cloudinary.com/dstnroimw/image/upload/v1769179052/wyqegyekvdbblrbrx74w.jpg","wyqegyekvdbblrbrx74w","2026-01-23T14:37:43.118568+00:00","2026-01-23T14:37:43.118568+00:00"
202,,"Arden for men 2x1 135gramos",14000,"Desodorantes",190,"Paca x12 unidades",true,"https://res.cloudinary.com/dstnroimw/image/upload/v1769179080/fzned8hbxzckootqs8pf.jpg","fzned8hbxzckootqs8pf","2026-01-23T14:38:57.122681+00:00","2026-01-23T14:38:57.122681+00:00"
203,,"Bloqueador nude  fac 30  40 ml",7000,"Bloqueadores y Cuidado de la Piel",201,"Unidad",true,"https://res.cloudinary.com/dstnroimw/image/upload/v1769179300/dgq2xazb1rm51gqgsd7v.jpg","dgq2xazb1rm51gqgsd7v","2026-01-23T14:42:24.357855+00:00","2026-01-23T14:42:24.357855+00:00"
185,,"Vitamina C 500 Mg La Santé naranja Caja X 100",24000,"Medicamentos",69,,true,"https://res.cloudinary.com/dstnroimw/image/upload/v1768492063/p3tv2n6lh3qler2onvvn.jpg","p3tv2n6lh3qler2onvvn","2026-01-15T15:44:07.703697+00:00","2026-01-15T15:44:07.703697+00:00"
205,,"Tratamiento frutos hair food piña 350 ml",20000,"Cuidado del Cabello",132,"Unidade",true,"https://res.cloudinary.com/dstnroimw/image/upload/v1769179517/slhmkpflejd3tsg2fr0w.jpg","slhmkpflejd3tsg2fr0w","2026-01-23T14:45:56.186826+00:00","2026-01-23T14:45:56.186826+00:00"
124,,"NEKO ANTIBACTERIAL EXTRA SUAVE 16X110GRX3",196000,"Jabones y Geles",67,"Paca por 4 docenas",true,"https://res.cloudinary.com/dstnroimw/image/upload/v1758414870/finwasejfljhvz2henbr.png","finwasejfljhvz2henbr","2025-09-21T00:34:36.494337+00:00","2025-09-21T00:34:36.494337+00:00"
31,,"PONDS CR REJUVENESS 6X100G+...",23000,"Bloqueadores y Cuidado de la Piel",1918,,true,"https://res.cloudinary.com/dstnroimw/image/upload/v1758899093/i99mozxgkrdsfr8xkpdp.jpg","i99mozxgkrdsfr8xkpdp","2025-08-20T17:04:07.277755+00:00","2025-08-20T17:04:07.277755+00:00"
192,,"Nivea tono natural clinical  2x1 rollon",18500,"Desodorantes",870,"Nivea tono natural clinical 2x1  oferta",true,"https://res.cloudinary.com/dstnroimw/image/upload/v1768911770/ipzyxflpzoypwx3zvxre.jpg","ipzyxflpzoypwx3zvxre","2026-01-20T12:24:05.539521+00:00","2026-01-20T12:24:05.539521+00:00"
184,,"ACEITE JOHNSONS BABY X50ML",5700,"Bloqueadores y Cuidado de la Piel",72,,true,"https://res.cloudinary.com/dstnroimw/image/upload/v1768493883/wygc0vduas9tfeen8inx.jpg","wygc0vduas9tfeen8inx","2026-01-09T14:59:52.621468+00:00","2026-01-22T13:47:39.839095+00:00"
200,,"Pestañina lash maker waterproof  negra",10000,"Bloqueadores y Cuidado de la Piel",213,"Unidad",true,"https://res.cloudinary.com/dstnroimw/image/upload/v1769178882/ah0yqjde58awgorzu3cs.jpg","ah0yqjde58awgorzu3cs","2026-01-23T14:36:35.858149+00:00","2026-01-23T14:36:35.858149+00:00"
69,,"ENJUAGUE BUCAL LISTERINE COOL MINT 1L",22000,"Bloqueadores y Cuidado de la Piel",1158,"CAJA X 6 UNIDADES 132000",true,"https://res.cloudinary.com/dstnroimw/image/upload/v1756905042/whblrshjfjezxrwap2et.png","whblrshjfjezxrwap2et","2025-09-03T13:11:25.698122+00:00","2025-09-03T13:11:25.698122+00:00"